uid,label,cluster,sev,global_tercile,group
xaji0y6d,0,3,3.3358,-1,1
pbhsahxt,0,3,3.9618,-1,1
hv3a3zmf,0,3,3.4322,-1,1
8mdd4v30,0,3,4.0561,-1,0
t9nt3w5u,1,3,3.077,2,1
zbikcidk,1,3,2.727,1,2
wnnhj7xv,0,3,3.4574,-1,1
g0fn9xuy,0,3,4.1873,-1,2
41ibljh7,0,3,3.2631,-1,1
5lxo6qji,1,3,3.2407,2,1
ujv6oh9s,1,3,3.2541,2,1
dbdw2pcn,1,3,2.7751,1,2
9t84azyt,0,3,3.3927,-1,0
jxepq85j,1,3,2.9498,1,1
sg65kxvf,1,3,2.3042,0,0
1t2tala7,0,3,3.2795,-1,2
53lc58dr,1,3,3.1582,2,1
c11ertj5,1,3,2.3312,0,0
9mx2x18h,0,4,3.301,-1,1
afeyuhz1,1,4,2.3904,0,0
gv0e38da,1,2,3.1606,2,1
ly8ozcyw,1,4,2.8582,1,1
d14ve92m,1,4,2.4169,0,0
pnsm43d8,0,4,3.3267,-1,1
w3zp08j3,1,4,2.5043,0,0
trp0j43d,1,4,2.7077,1,2
5iqvnb4g,1,4,2.3838,0,0
h2m5zja8,1,4,2.7802,1,2
dzr1yxr2,1,4,2.6213,0,2
dhylurtp,0,4,3.0146,-1,0
0lzjjege,1,4,3.0476,2,1
t1ghr09s,0,4,3.663,-1,2
kdgigatj,1,4,2.5428,0,0
9tze5r5u,0,4,2.452,-1,2
qpgb7r3o,0,5,3.2041,-1,1
cwbfuk9e,0,4,2.9582,-1,0
1v2isqp4,1,4,2.6929,1,2
9kwv08hh,1,4,2.0939,0,0
xfgcaqvk,0,4,3.5678,-1,2
izzqy72w,1,4,2.3511,0,0
x7ptx63c,1,4,2.9087,1,1
fl0ukeyz,1,4,2.449,0,0
7srcbplj,1,4,2.873,1,1
d84u89yj,1,4,2.3984,0,0
b1qx6gvw,0,4,3.2075,-1,0
rdmly4ly,0,4,2.8515,-1,0
k83tqll8,0,4,3.2197,-1,0
os9xtogn,1,4,1.5193,0,0
1w1ht7pz,1,4,1.4857,0,0
e9vifttd,1,4,2.7988,1,2
96qe3rzs,0,4,2.6481,-1,0
j49itn7s,1,4,2.8514,1,2
55j2o7s3,0,4,3.3058,-1,2
kkv9rftm,1,4,2.8828,1,1
ttqlgzui,1,4,2.9636,1,1
1b0z3nx3,1,4,1.8904,0,0
9rbsv55p,1,4,3.1082,2,1
sq0oxfq8,1,4,3.1923,2,1
myx444nl,1,4,3.2475,2,1
z15bcw79,1,4,2.688,1,2
0pdw5py6,1,4,3.0324,1,1
b2knftu2,1,4,2.7127,1,2
gc5wi6fq,0,4,3.2025,-1,2
jja26yfp,1,4,2.3533,0,0
mvxpj4hn,0,4,3.4495,-1,0
riuu9k9x,1,4,2.8041,1,2
juy0bvr6,1,4,2.7448,1,2
k2vmwwyz,0,4,3.5637,-1,0
x4w6xlpu,0,4,3.3975,-1,1
0dk0get8,0,4,3.0048,-1,0
t63j3r30,1,4,2.1508,0,0
me8f8409,0,4,3.3213,-1,2
82n2atqy,0,4,2.9268,-1,0
yv37dia5,0,4,3.1904,-1,1
u6hc36ko,0,4,3.1233,-1,1
f8krd5eq,0,4,3.1128,-1,2
y08p0fod,0,4,2.9631,-1,1
ro8bnp84,0,4,3.1741,-1,0
dyt9moge,0,4,3.0367,-1,1
4qxxva2i,0,4,3.2606,-1,2
euc1hh5l,1,4,2.7803,1,2
f6a4fejg,0,4,3.2358,-1,2
xaa2ilgb,0,4,2.8301,-1,0
0s0r2sds,1,4,2.9973,1,1
8b25sq8c,0,4,3.475,-1,1
royr6ccv,1,4,2.0254,0,0
cjwtl9tq,1,4,2.5926,0,2
vdz4x1zh,1,4,2.5957,0,2
qimqodpx,1,4,2.484,0,0
nf7c3dd0,1,4,3.1823,2,1
3uvulemx,0,0,2.854,-1,0
15z8vmuh,0,0,3.82,-1,2
xid4n1u3,1,0,4.0287,2,1
493wxa73,1,0,2.5942,0,2
jgzlma5u,0,0,3.1398,-1,2
ofwb0hpm,0,0,2.1579,-1,0
nz1udbfw,1,0,2.948,1,1
yjxrpj1e,0,0,2.7333,-1,1
pkyrybov,0,0,3.1787,-1,1
akhejla0,0,0,2.6133,-1,1
gnzs43c5,1,5,1.8638,0,0
ba75uuzp,0,5,3.7311,-1,2
eal2w37d,0,5,2.2921,-1,1
4ivsolml,1,5,2.485,0,0
gses6m03,0,0,3.0761,-1,1
3ifhv1xg,0,5,2.5098,-1,2
1r11q7uw,0,5,3.0219,-1,0
w5wfcpkj,0,5,3.508,-1,0
cslqc3c5,0,5,3.3637,-1,2
4wsqt26q,0,0,2.9573,-1,1
3xlrfcd6,0,5,3.8124,-1,1
mzsgipps,0,0,3.1851,-1,0
fnkomv2x,0,0,3.2639,-1,0
cdyk0x65,1,0,2.9164,1,2
mufm8zov,1,0,2.5393,0,0
7ln23y30,1,0,1.8733,0,0
ysxpnngh,1,0,2.0722,0,0
8riec4d1,0,0,3.7653,-1,2
45bm1enf,0,0,2.9044,-1,2
313fpoyi,1,0,0.996,0,0
pk0qtl3q,0,0,3.4027,-1,1
4n89qkns,0,0,2.8551,-1,2
832ejx5t,1,0,2.8254,1,2
d44k1j6f,0,5,3.5157,-1,0
p8hqmabs,0,5,2.9379,-1,0
i9nb74x2,0,5,2.9308,-1,2
ek3zezqa,0,5,3.1496,-1,1
cj4t0sek,0,0,2.848,-1,0
kbp2qd6v,1,5,2.5314,0,2
asifpwio,1,0,2.6346,0,2
xd9css9t,0,0,3.6877,-1,2
oqw9ja2m,0,0,3.6272,-1,0
0w10lbt3,0,5,3.4252,-1,0
g2qzw3c1,0,0,3.2901,-1,2
qkbhb7s9,0,0,3.3628,-1,0
t64z7w2s,0,0,3.6258,-1,2
ehe2atn2,0,0,3.3105,-1,0
twdl9zs1,0,0,2.9955,-1,0
3c9xqym5,1,0,2.2754,0,0
2xg8p6be,1,5,2.5238,0,2
fflzm764,0,0,2.9531,-1,2
jwtektsg,1,3,2.5543,0,0
7fxzv4u3,0,0,2.5046,-1,2
bbxux1ox,0,0,2.9752,-1,0
rwk8r2yk,1,0,3.2532,2,1
ccprhvlz,1,0,2.9443,1,1
049enulq,0,0,3.2466,-1,1
jidknwi5,0,5,2.8834,-1,0
flul1rsr,0,0,3.9251,-1,2
la8s8hmb,0,0,3.5088,-1,1
r5xqt4p5,0,5,3.1695,-1,0
01nouhtc,0,5,2.9864,-1,2
s1k9ye9o,0,5,2.8674,-1,2
2m71hssb,1,0,2.304,0,0
elrqvslw,1,5,2.1143,0,0
f90km3tz,0,5,2.8678,-1,1
k3ny9v20,0,5,3.0896,-1,1
yar821uz,1,5,2.3523,0,0
vgww4fyb,1,3,2.4024,0,0
8dalfyo1,0,5,3.01,-1,1
750cehlx,1,5,2.8461,1,1
slg6mm1z,1,5,2.5549,0,1
xyvgiui9,1,0,2.8664,1,2
kkhzlm72,0,5,3.5606,-1,2
jeyn9382,1,0,2.4222,0,0
kkzmpjrh,1,0,2.0034,0,0
t7zewviy,0,0,3.3379,-1,1
twbozd1a,0,0,2.7952,-1,1
t7o75rh8,1,5,2.513,0,2
lx6dut07,0,0,2.9929,-1,0
6g5g79or,1,0,2.7026,1,2
7875aud9,1,0,3.4438,2,1
k9tr74qg,0,0,2.9016,-1,1
efqjg02u,1,5,2.0944,0,0
1g463sdy,1,5,3.222,2,1
gfliji18,1,7,3.0934,2,1
k0axycel,0,7,3.5377,-1,1
os6zle6k,1,7,2.8318,1,2
whef0vot,1,7,3.7784,2,1
qtxhi15c,1,7,2.7029,1,0
qzcuctsu,1,7,2.425,0,0
flsehuds,1,7,3.1248,2,1
3qsqcq30,0,7,3.298,-1,2
o30ubmc9,0,7,2.813,-1,0
7c7bo119,0,7,3.1772,-1,2
xp9n56ny,0,7,3.563,-1,1
xtxmgtt0,0,7,3.2714,-1,1
iaakytt3,0,7,3.2688,-1,0
imj70e3p,1,7,2.643,0,0
15ahdbvz,0,7,3.2331,-1,0
b0oih5cs,1,7,2.4728,0,0
k30lvylk,0,7,3.0945,-1,2
fxhkc856,0,7,3.7652,-1,2
wpr97y2l,1,7,2.8313,1,2
ofn1r4kz,1,7,2.9837,1,2
36u8ueih,1,7,3.2993,2,1
x74d0gjy,0,7,3.8567,-1,0
v5g10ur5,1,7,2.3482,0,0
l8a78e9r,0,7,3.51,-1,2
ivh6t1nt,1,7,2.7199,1,0
mjsrd9q4,1,7,3.2322,2,1
6nouhfj7,0,7,3.2482,-1,0
upfln4rx,1,7,2.2815,0,0
yj38xrg2,0,7,3.2471,-1,2
gzr7txcb,0,7,3.585,-1,1
48y1o4iz,1,7,2.5023,0,0
asnwywrr,1,7,2.6386,0,0
atatj9a3,0,7,3.6338,-1,0
y36ddfgs,0,7,3.0547,-1,0
3jonou9i,1,7,2.6234,0,0
y4x41dnt,0,7,3.1978,-1,2
cagrp2u4,0,7,3.8609,-1,1
dtbh55rb,0,7,3.3585,-1,1
c76ub7l8,1,7,2.7211,1,0
v1zocfi4,1,7,3.046,2,2
o6l1f90s,0,7,3.5151,-1,0
9bp4m18o,0,7,3.2365,-1,2
1bj9rm7p,0,7,2.9,-1,2
yxdw2zcf,1,7,3.0326,1,2
zw0ldalm,0,7,3.4971,-1,2
jegqtoam,0,7,3.3207,-1,0
dvlnknd6,0,7,2.9883,-1,2
69ugnekr,0,7,3.5384,-1,1
cpprcjiw,1,7,2.3461,0,0
vhdk8lw2,0,7,3.3763,-1,1
lm349el8,1,7,2.2929,0,0
hl88kzru,0,7,3.4897,-1,1
in3oeuvt,1,7,2.8535,1,2
yt8qzpky,0,7,3.3737,-1,0
32orwixz,1,7,2.829,1,2
2c9ros7y,0,7,3.1652,-1,2
t2m6twd1,1,7,2.6869,1,0
xmxb9yo1,0,7,3.3951,-1,2
8pajssuu,0,7,2.9509,-1,0
qo1vsmad,1,7,3.1129,2,1
o8e7flqh,1,7,3.6292,2,1
rrpzlk3e,0,7,3.0502,-1,0
4xyf9igf,1,7,2.8627,1,2
u8iogxpb,0,7,3.0038,-1,2
whvnzh13,1,7,2.6582,1,0
cd5glqj5,1,7,2.8555,1,2
sxvwvm4w,0,7,3.3831,-1,0
3zkwdeek,1,7,3.1505,2,1
gyspengw,0,7,3.324,-1,1
yx9trflq,1,7,3.3422,2,1
bmae38sr,0,7,3.1298,-1,2
yo4rcb1k,1,7,2.8262,1,2
jtgq01te,0,7,3.3523,-1,0
e13n3bzt,0,7,3.4192,-1,2
9d31k9qm,1,7,3.6542,2,1
3p91i3vm,0,7,3.2207,-1,0
zwffhhcm,1,7,2.8271,1,2
ktlzkj49,0,7,3.2135,-1,2
yd82795e,1,7,2.5216,0,0
5iz31yru,0,7,3.4986,-1,1
joqw5dsk,1,7,2.8397,1,2
7n8la100,1,7,2.5496,0,0
qxmcthph,0,7,3.9587,-1,0
j3muurmy,1,7,2.8906,1,2
bd2qe4pa,0,7,2.7179,-1,0
8hyexf7j,1,7,2.9743,1,2
xjn6fokz,0,7,3.0704,-1,1
ixzareiy,0,7,3.5668,-1,1
az39pecn,0,7,2.7935,-1,1
0dl5e11e,1,7,2.4469,0,0
9ftaxp0w,1,7,2.7348,1,0
foy4dd1v,1,7,3.0161,1,2
n8lfjdtv,0,7,3.6031,-1,1
v2y4xkss,1,7,3.4377,2,1
0kb68rer,0,7,2.8297,-1,1
vt997e4u,0,7,2.9847,-1,1
ny181acj,0,7,3.3038,-1,1
bc2swsoz,1,7,3.6628,2,1
ctwjlsh3,0,7,3.4831,-1,0
tow4ycz0,0,7,3.6377,-1,1
4cdpqvl0,1,7,2.5937,0,0
0ezzf8s2,1,7,2.9825,1,2
zge2j51b,1,7,2.5145,0,0
3jczucqm,0,7,2.9741,-1,0
runjdu0i,1,7,3.1996,2,1
sb5iqnf7,0,7,3.5814,-1,2
4t60ploz,1,7,2.8859,1,2
jcns6g29,1,7,3.3184,2,1
8cqk4lta,0,7,3.2422,-1,0
hukwqvr1,0,7,3.2868,-1,2
h61iaoim,1,7,2.6999,1,0
458ax40d,0,7,3.5539,-1,2
tirc9zd7,1,7,2.9467,1,2
6szn9dde,1,7,2.7103,1,0
3cup8ijl,0,7,3.3388,-1,2
2z0ljch2,1,7,3.7686,2,1
vffqot8h,0,7,3.0737,-1,2
ljefy3zb,1,7,2.9049,1,2
4ldimsyj,1,7,3.0322,1,2
9boq0iq2,1,7,2.4905,0,0
fa39e3nw,0,7,3.2021,-1,2
xuj3ac6p,0,7,3.0092,-1,1
e63lbqgu,0,7,3.0172,-1,1
3obyghgk,1,7,2.4338,0,0
5bwikotc,0,7,3.187,-1,1
keh5sw22,0,7,2.8749,-1,0
92mtr6sn,0,7,3.4389,-1,0
glh62c9t,1,7,3.3069,2,1
199dxj37,0,7,3.6511,-1,1
c9h42m44,1,7,2.8749,1,2
gv3z6bz8,0,7,3.0364,-1,1
uug95rlr,1,7,2.9005,1,2
dihsa7he,1,7,2.6457,0,0
z74lav71,0,7,3.2828,-1,1
448n7odk,0,7,3.1943,-1,2
ef828xg8,1,7,3.1046,2,1
y72ivgly,1,7,3.1321,2,1
e088o98b,0,7,3.0437,-1,0
v78hu7f0,1,7,3.4433,2,1
i9g5dzx5,1,7,2.542,0,0
qjicjdan,0,7,3.4333,-1,2
085rntdr,1,7,2.4339,0,0
5xyfc4kl,1,7,3.2033,2,1
8cgn0t6d,0,7,3.5844,-1,2
vwrb7f6f,0,7,3.2923,-1,2
dhgzz0jk,1,7,2.9469,1,2
ibu4fmpk,1,7,2.83,1,2
xvhagkc4,0,7,2.8158,-1,0
lorxdtg5,0,7,3.7686,-1,2
nqjqijc1,0,7,3.4501,-1,1
ydmt8vt4,1,7,3.2397,2,1
3pt5r5rc,0,7,3.2824,-1,2
6zs62ywe,1,7,3.2976,2,1
1g983ep9,1,7,3.0696,2,1
p9w4j66c,0,7,3.6171,-1,1
noljq52w,0,7,3.3427,-1,2
spofv177,0,7,2.943,-1,0
udktmonr,1,7,2.5296,0,0
vbjfvyb6,0,7,2.8341,-1,0
li076a3k,1,7,2.2632,0,0
krzd5e9p,0,7,3.5233,-1,0
3jpxgh30,0,7,3.5333,-1,0
153sflse,1,7,2.8895,1,2
45bg34iq,0,7,2.8636,-1,1
7zj3sweb,0,7,3.6149,-1,0
nvg5vmf6,0,7,3.4625,-1,1
0yknfu84,1,7,3.241,2,1
xyjoa21a,1,7,3.0462,2,1
6xvaj2k8,1,7,2.891,1,2
xpnmjqy3,1,7,2.4883,0,0
odsx4nxv,0,7,3.1902,-1,0
kdc9x5jz,1,7,2.7589,1,2
6kf1622v,1,7,2.8629,1,2
xyzx9jpn,1,7,3.3745,2,1
bzug0it2,1,7,2.88,1,2
6ys445gd,0,7,3.1746,-1,0
ej31gymd,0,7,3.3186,-1,1
m0l2ljk4,0,7,2.9247,-1,0
q5v7c6s5,1,7,3.3029,2,1
nkb4ehou,1,7,3.6001,2,1
6qlz2rwg,1,7,2.9,1,2
waj1g1r1,1,7,2.5296,0,0
dwwo8nbh,1,7,2.483,0,0
nal3gywi,1,7,2.8231,1,2
ymenvg3k,1,7,3.6432,2,1
k0vm59m6,1,7,3.1738,2,1
mg87oi0e,0,7,3.6845,-1,1
0vgnxb5j,0,7,3.1662,-1,2
tb9xxayp,0,7,3.7035,-1,1
ntrfzwkx,1,7,3.4986,2,1
xjve3dze,1,7,2.7273,1,0
edhhjshz,0,7,3.7771,-1,1
kbrh7lay,0,7,3.0721,-1,2
64yfds0d,0,7,3.2254,-1,2
ji9kqdgb,0,7,3.7272,-1,1
k2l0d1b4,1,7,2.6019,0,0
xgmpw5d3,0,7,3.3206,-1,2
go8jn42x,0,7,3.2499,-1,0
2ezc7fov,1,7,2.7809,1,2
2ygnmby4,0,7,3.4383,-1,0
9e7eobjl,1,7,2.752,1,2
zy1uu9ym,1,7,2.9742,1,2
szdximyn,1,7,3.3072,2,1
4u9bxf44,1,7,3.1235,2,1
5cri8bix,0,7,3.3623,-1,0
oiq2q4qe,1,7,2.9013,1,2
rxdouadv,1,7,3.5125,2,1
ei3zrrhf,1,1,3.0708,2,2
4abufwbu,1,1,3.8375,2,1
cjg8vuaz,1,1,2.5482,0,0
xkdq95g3,1,1,2.8019,1,0
v23gxj0m,1,1,3.2215,2,2
qvindh4s,0,1,3.9449,-1,1
pfdrwb2s,0,1,3.4363,-1,0
erev361x,0,1,3.337,-1,2
snbti22n,1,1,3.0762,2,2
v01zderi,1,1,2.3883,0,0
4k5ogz2u,1,1,1.5194,0,0
eaxylnfx,0,1,3.2409,-1,0
j4pnjy1o,1,1,2.7344,1,0
2rntjlmz,1,1,3.2067,2,2
04x0qzfh,0,1,3.4207,-1,2
omtzzf8a,1,1,3.508,2,1
df7pchcb,1,1,2.5832,0,0
n9wszv83,1,1,3.0716,2,2
xphx2kbv,0,1,3.7557,-1,0
sigbiaf9,1,1,3.3243,2,2
2movs0cd,1,1,2.7822,1,0
k36m8jvh,1,1,2.6922,1,0
7ujodck8,1,1,3.5231,2,1
2853uy8u,0,1,2.9443,-1,2
118qqvae,1,1,2.159,0,0
cw9yil8s,1,1,2.5533,0,0
a3idy3c7,0,1,3.3577,-1,2
rm6j8y6r,0,1,3.0131,-1,2
h05hhiwf,0,1,3.4441,-1,1
d7yxw1tb,1,1,2.7605,1,0
rwr965r9,1,1,3.3143,2,2
6khub2rt,0,1,3.6447,-1,0
soyg9zqy,1,1,2.6452,0,0
ahulwjti,0,1,3.4804,-1,1
qwnrhzn4,1,1,2.824,1,0
kgeuidji,1,1,2.6626,1,0
pnf8f3gr,1,1,3.3185,2,2
94sz2kuu,1,1,3.3532,2,1
oyc3rwqm,1,1,2.6455,0,0
mu7jae58,1,1,3.1067,2,2
huxg2myr,0,1,3.4337,-1,2
06nkwfg3,0,1,2.93,-1,0
mwu4cfil,1,1,2.8588,1,2
kjxjq5nv,1,1,2.8102,1,0
8oga0x7z,1,1,2.6055,0,0
cgdc5tao,1,1,2.6726,1,0
1cjfx5li,0,1,3.4798,-1,0
kwe4bx4l,1,1,2.4811,0,0
r9tjq8zg,1,1,2.7919,1,0
vwwusxlm,0,1,2.7501,-1,1
t2pnjka3,1,1,3.0694,2,2
4mqa78ra,1,1,3.8637,2,1
pkianouo,0,1,3.6193,-1,2
f0onjpi1,1,1,3.5818,2,1
63yk03o4,1,1,3.352,2,2
gkwwjwga,0,1,3.9843,-1,0
btgdjz0i,0,1,2.9723,-1,2
frml29q2,1,1,3.0227,1,2
l48c1cqg,0,1,4.0099,-1,1
433e1i1p,1,1,2.6997,1,0
0bq1s9ry,1,1,3.0348,2,2
llwb7sjw,0,1,3.5708,-1,1
h55hewlg,1,1,2.4298,0,0
je2ab2rv,1,1,2.5473,0,0
ndfdw79w,1,1,3.2476,2,2
cxz2ei92,1,1,4.0318,2,1
12pgyme6,1,1,2.258,0,0
rpkzggm0,1,1,2.2604,0,0
j36tcfkj,1,1,2.4384,0,0
nawnga41,1,1,2.7451,1,0
izxtnsrt,1,1,2.931,1,2
wlxdsc4e,1,1,3.5948,2,1
5hrdu4xs,1,1,3.1962,2,2
zjnvc7hr,1,1,1.9892,0,0
6c2cu7on,1,1,3.5671,2,1
z3jbck88,1,1,3.7165,2,1
d0tgsiwg,1,1,1.7696,0,0
0odwmqx5,1,1,3.6393,2,1
ggomf9pm,1,1,2.558,0,0
l9ln1p0v,1,1,2.5453,0,0
uh17j8qo,0,1,3.4941,-1,2
09vs9kkh,1,1,3.3243,2,2
4a3yjtu7,1,1,2.1325,0,0
fbmenui3,1,1,3.1502,2,2
do7002g3,1,1,3.5941,2,1
yu6vk0uc,1,1,3.6086,2,1
c1m3o55i,1,1,3.0219,1,2
xva1nkbt,1,1,3.6533,2,1
fshb0oqv,1,1,2.9917,1,2
shkoecub,1,1,2.2193,0,0
ods1eeur,1,1,3.3505,2,2
xhw0ic1l,1,1,3.0414,2,2
7dypmlva,1,1,2.8052,1,0
k9w9pfb3,0,1,4.5337,-1,0
hn14eb87,1,1,2.3239,0,0
53ayeqah,1,1,2.9379,1,2
thsjr0fz,1,1,2.7507,1,0
auxbgk2w,1,1,3.7457,2,1
bxanj4x5,1,1,3.0331,1,2
a5xin9dl,1,1,2.4947,0,0
5tgsq7ai,1,1,3.0805,2,2
tmofmmwi,0,1,3.3188,-1,2
9s3w563b,1,1,2.2673,0,0
tkf6xdn8,1,1,2.7441,1,0
wwiif86l,1,1,2.2661,0,0
thet25lz,1,1,2.9014,1,2
se99f77l,0,1,3.3909,-1,2
u8el5015,1,1,3.3791,2,1
oop767j2,1,1,3.1933,2,2
dg1wjuii,1,1,3.4091,2,1
ymyrsvzn,1,1,2.4303,0,0
4regb1aj,1,1,3.5165,2,1
o091c795,1,1,2.2743,0,0
rlqiob0n,1,1,3.6633,2,1
lw0vs52s,1,1,3.1638,2,2
q3b9so0u,1,1,3.8426,2,1
swbkok3q,1,1,3.0848,2,2
pwbsf3q0,1,1,2.2592,0,0
e27zeoqg,1,1,3.3578,2,1
vzhqjy62,1,1,3.5869,2,1
zeeqnsn2,1,1,2.1289,0,0
s8nn16ux,0,1,3.4158,-1,0
f5gzpl1q,0,1,3.0678,-1,1
weehwjq4,1,1,3.4581,2,1
ta5ivroc,1,1,2.7888,1,0
vitwu3bf,1,1,2.6386,0,0
xb4y4k7b,0,1,3.4123,-1,0
pgyvyv2g,1,1,3.1322,2,2
qu7dknnc,0,1,3.6987,-1,2
ptkezjss,0,1,3.5431,-1,1
zwd0w9ry,0,1,3.6741,-1,1
79kvls9m,0,1,3.591,-1,0
euswrgvz,0,1,3.6598,-1,0
9aawe429,0,1,3.6854,-1,1
omuwahk2,1,1,3.2847,2,2
lslaym0w,1,1,2.7418,1,0
bglmy62x,0,1,3.116,-1,1
rw6tm2o0,1,1,2.7867,1,0
4k0lthy2,1,1,2.8135,1,0
5m8kb9w4,1,1,3.3146,2,2
uov51zlb,1,1,2.3949,0,0
oriq8hke,1,1,2.7075,1,0
226parsg,0,1,3.7797,-1,0
70s1f537,0,1,3.4221,-1,1
ye0qzsa7,0,1,4.0951,-1,0
yvdqbsxl,1,1,2.8482,1,2
ul6lgjlp,1,1,3.3484,2,2
efjawshm,0,1,3.3739,-1,1
lfzkicwm,0,1,3.5376,-1,0
peqydbpg,1,1,2.8392,1,2
vv4zwl3z,0,1,3.853,-1,0
yt91qe37,0,1,3.4107,-1,2
qqyzqii4,0,1,3.619,-1,1
w6ozx25q,1,1,2.767,1,0
brmqg1ve,1,1,2.7415,1,0
d32lx2to,0,1,3.374,-1,0
owt9nm3v,1,1,3.0082,1,2
2p2tixc7,1,1,3.3934,2,1
urvqt3g8,1,1,3.0056,1,2
cd31nrxd,0,1,2.5027,-1,2
356wafft,0,1,3.7045,-1,1
ouhylu6k,1,1,3.4979,2,1
7p9mda9o,0,1,4.1242,-1,0
ekntbz3m,1,1,2.6201,0,0
55izolnn,1,1,2.3405,0,0
txrgn74f,1,1,2.8283,1,2
9yecazrp,0,1,3.3664,-1,2
9dxoq2vp,1,1,2.6643,1,0
gstqmgvu,1,1,2.9116,1,2
4isotn9u,0,1,3.0972,-1,2
zeryf099,1,1,2.8943,1,2
2qc6dr08,1,1,1.6389,0,0
cw2lbm2q,1,1,2.9149,1,2
sq0p82kb,1,1,2.7266,1,0
700ucrgb,0,1,3.7327,-1,2
93wkcs4k,0,1,3.5153,-1,2
ek4aegvf,0,1,3.2911,-1,2
q3jzr25m,1,1,2.854,1,2
df7fr91i,1,1,3.6641,2,1
pwh0mx1e,0,1,3.3103,-1,1
gok01tnz,1,1,2.7664,1,0
rf5a7qy8,1,1,3.0118,1,2
yb7w8p74,1,1,2.7615,1,0
mjdxo100,0,1,3.0929,-1,0
vhmygty3,1,1,2.7231,1,0
addqhkga,1,1,2.4467,0,0
d7x48wze,0,1,3.7882,-1,2
4ex6u86z,1,1,3.3137,2,2
jq7w7jp6,1,1,2.1295,0,0
1lfc1nlc,0,1,4.0869,-1,2
8jpr7vgr,1,1,3.4613,2,1
f1hx6zdc,1,1,2.0769,0,0
ujq6fx7x,1,1,3.4877,2,1
jz6us7rp,1,1,2.9786,1,2
422ta83r,0,1,3.8529,-1,1
t8cq1xgb,1,2,2.6389,0,2
ngz6wmdw,1,2,2.3699,0,0
0fgzvrct,1,2,2.8143,1,1
lt4q9bc2,1,2,2.4199,0,0
be3yqy5f,1,2,2.7007,1,2
u7bfxq7b,1,2,3.4458,2,1
zegbl2qg,1,2,2.8223,1,1
v3dr2h2p,0,2,2.7965,-1,2
39yl9ue4,0,2,2.6419,-1,0
21vmefoz,1,2,2.3901,0,0
tp7bd4w1,1,2,3.0509,2,1
aragdx5o,1,2,2.6863,1,2
31yhxso7,1,2,2.8915,1,1
vbgr8w2m,1,2,2.8889,1,1
aietdn1t,1,2,2.722,1,2
h1xjg2y8,1,2,2.8472,1,1
rgybxkpm,0,2,3.3714,-1,1
21b07g2r,1,2,3.0899,2,1
e6zvlhyl,0,2,3.0302,-1,0
2ld05nhq,1,2,2.5536,0,2
r6f7qnez,0,2,3.4447,-1,0
w9heyce4,1,2,2.9309,1,1
qgm5v2ww,0,2,2.9516,-1,1
g84d4r9v,0,2,3.1327,-1,2
4k00ilu6,0,2,3.189,-1,2
vfua9bq1,1,2,2.7048,1,2
btr23qiu,1,2,2.5512,0,2
a08ekxdr,1,2,2.1206,0,0
kz40aq15,0,2,3.2437,-1,2
o2nqw4c6,0,2,3.2664,-1,1
lbpj8t22,0,2,3.0507,-1,2
c50b8y5d,0,2,2.3971,-1,2
nwnguczh,1,2,2.9132,1,1
9ier7u8h,1,2,2.6394,0,2
0imjyjcm,1,2,3.1924,2,1
rsezytkw,1,2,2.7692,1,2
2837c6qc,1,2,2.6377,0,2
6k8djzr5,1,2,2.92,1,1
swk8temp,0,2,2.7628,-1,2
xkc5i8xo,0,2,3.0453,-1,2
mxlvz4qk,1,2,2.6143,0,2
e2gjr81b,0,2,3.0096,-1,2
mqf7zk94,0,2,2.7387,-1,2
yxfiblej,0,2,3.2263,-1,2
gublmntf,0,2,2.5972,-1,0
k7orfqla,1,2,2.3961,0,0
09lzrk79,0,2,3.1946,-1,0
ufu6py06,1,2,2.7662,1,2
ftlo4qdb,1,2,1.9294,0,0
xvh7katq,0,2,3.5126,-1,2
ydshlv76,1,2,2.5748,0,2
mf4nnkm9,1,2,2.7712,1,2
5d0p92k3,1,2,2.9181,1,1
8p6fvdhr,0,2,2.8001,-1,0
59c81do6,1,2,2.4586,0,0
ouz1egnt,1,2,2.4704,0,0
b34kuqaa,1,2,3.2872,2,1
j84rx6pr,1,2,3.012,1,1
yiej9c0u,0,2,3.0302,-1,2
u5wryesu,1,2,2.7438,1,2
4fcl5efj,1,2,2.3718,0,0
p6mkt7s1,1,2,2.5139,0,2
gd1t53yk,1,2,2.4709,0,0
yydu3asn,0,2,3.0842,-1,1
rm6dfhg6,1,2,2.8884,1,1
w3stt1eq,0,2,2.8975,-1,0
c37rln36,1,2,2.3148,0,0
v1mzb3i4,0,2,3.0148,-1,0
fieecy2c,0,2,2.9103,-1,2
11bd2sce,1,2,2.8866,1,1
jcy127h6,1,2,2.2426,0,0
gmd478mf,1,2,2.4442,0,0
s0iuduah,1,2,3.4306,2,1
gk6t9dhs,1,2,2.5106,0,0
znvp8gmn,1,2,2.6747,1,2
hie9ede1,0,2,3.2693,-1,1
zublekvl,0,2,2.785,-1,0
9ptk4gc4,0,2,3.4338,-1,0
ryg9rdpx,1,2,2.6114,0,2
dfovd79c,1,2,3.0606,2,1
9mv9e40k,0,2,3.1764,-1,1
zuj2xorv,1,2,2.7746,1,1
ork1djrw,0,2,2.7797,-1,0
edbcy8ny,1,2,2.3683,0,0
fwdc112h,0,2,2.8419,-1,1
xrjm4t8b,0,2,2.9582,-1,1
p6nlnqbu,0,2,3.0605,-1,2
4kzrezrd,0,2,3.4347,-1,1
yxyur4so,1,2,2.7086,1,2
r8wm9lbb,0,2,3.0207,-1,2
4m0a6mdm,0,2,3.1832,-1,1
mmxixv6c,1,2,3.3087,2,1
kmalq5u6,1,2,2.5352,0,2
jzv9nou3,0,2,3.0967,-1,0
dyms1mwn,1,2,2.4035,0,0
pr424tkb,0,2,3.1185,-1,0
9oi0d4dm,1,2,3.2919,2,1
c2rh2xk2,1,2,2.5193,0,2
pthowq1g,0,2,3.2008,-1,0
az5uh80q,0,2,3.0945,-1,2
7tw1puws,1,2,2.6337,0,2
nffykpl3,1,2,2.8132,1,1
cho3xjvo,1,2,2.3993,0,0
egi3qupx,0,2,3.3882,-1,2
bfej2xg4,0,2,3.1299,-1,1
8ra4dv56,0,2,2.579,-1,0
onxd70fe,1,2,2.4822,0,0
07s387j5,0,2,3.0242,-1,0
ie3lvo0i,1,2,3.2589,2,1
pfg8pjvr,0,2,3.0492,-1,1
n8lpy857,0,2,2.8365,-1,0
nz3a8v4x,0,2,2.9355,-1,2
7y2itl8n,1,2,3.0492,2,1
3e54n6o9,1,2,2.6465,0,2
jd3ih66w,1,2,2.8078,1,1
51ob537q,1,2,2.5445,0,2
o4z533zs,0,2,3.1885,-1,1
mv30qabx,0,2,3.5057,-1,1
w2eowlcf,0,2,2.9498,-1,1
s8314y2l,1,2,2.5812,0,2
r0jy32ho,0,2,3.2679,-1,2
g585i87x,1,2,2.8052,1,1
w69hzgop,1,2,2.5257,0,2
jdn8ezp7,1,2,2.3317,0,0
qyezg52k,1,2,2.325,0,0
re4v9kyp,0,2,2.6409,-1,2
ofkjw6ny,0,2,2.9639,-1,0
qaelyyzz,0,2,3.0659,-1,0
0jdcli69,1,2,2.4818,0,0
78v0bjwk,1,2,2.7764,1,1
on8uujs7,1,2,2.3691,0,0
5eltfebe,1,2,2.6951,1,2
5407k5w1,1,2,3.2625,2,1
jl6l91f4,0,2,3.5504,-1,0
x2bfibjz,0,2,2.8687,-1,0
p97bmzrr,1,2,2.467,0,0
45ed5ggs,0,2,3.4483,-1,1
j6vv8suo,1,2,3.0408,2,1
c1y5ayyo,1,2,2.8261,1,1
v84fc3xq,1,2,2.6223,0,2
8va8x8l0,1,2,2.5085,0,0
08uhbxlb,1,2,2.804,1,1
c8nog85d,0,2,3.6854,-1,1
4f2k1xer,1,2,2.5823,0,2
p3lyex3s,1,2,2.9471,1,1
r5rup13w,1,2,2.9986,1,1
ppbmqiyf,0,2,2.5916,-1,0
rwskp6rf,0,2,3.6386,-1,1
e64skbcb,1,2,2.886,1,1
dpdxujjc,0,2,2.9102,-1,1
sexggoc5,1,2,2.2364,0,0
kvqywj85,1,2,3.1363,2,1
gg0v5dta,1,2,2.5922,0,2
egry58vr,1,2,2.5163,0,2
w9myyoke,1,2,2.4895,0,0
aea84hxx,0,2,3.1298,-1,1
pw2gkqra,1,2,2.5355,0,2
ffz8q4vh,0,2,3.267,-1,1
u4bawz94,0,2,2.9613,-1,0
0vtkrrvw,1,2,2.7084,1,2
y3rztplc,1,2,2.5752,0,2
6prr7mza,1,2,2.742,1,2
kgmih6mv,1,2,2.5876,0,2
4xekz83y,0,2,3.1837,-1,0
0224wk0y,1,2,2.3683,0,0
ehvdo9kh,1,2,2.2283,0,0
ba5mf36b,0,2,3.1179,-1,0
cpweijmm,1,2,2.2541,0,0
b5jfysyz,0,2,3.1979,-1,1
7pq4ddv2,0,2,3.1517,-1,1
83bdw56f,0,2,2.9953,-1,0
kps0dxme,0,2,2.6918,-1,1
4po1i3ms,1,2,2.6063,0,2
dn1mxf1p,0,2,2.963,-1,1
i2ooq42n,1,2,2.5464,0,2
bfa37dl9,0,2,2.6002,-1,1
fc1xx6cw,1,2,2.1897,0,0
zxskoytk,1,2,2.3954,0,0
06akt7zq,1,2,2.7373,1,2
ht2xz52o,1,2,3.3107,2,1
hkbm00e9,0,2,3.4272,-1,0
kdts1fb2,1,2,2.7973,1,1
vi109dcn,0,2,2.9798,-1,2
wmbxek0q,1,2,2.5752,0,2
929u6wtv,1,2,2.5724,0,2
mk2zyzsi,1,2,2.3895,0,0
lu3ndz3c,0,2,2.7555,-1,0
c5rqnsvs,0,2,2.8305,-1,0
ojrpp7r9,1,2,2.736,1,2
3fezez5e,0,2,3.0145,-1,2
hr07n8vo,0,2,2.9424,-1,2
eubfn9kr,0,2,3.0651,-1,2
2fvb66h3,1,2,2.6888,1,2
rem5puu6,1,2,1.9904,0,0
2rzv1sqq,1,2,2.2828,0,0
q5l2xoio,1,2,2.8902,1,1
t860x5zu,1,2,2.9501,1,1
2zueugwu,0,2,3.6004,-1,1
bugr6e7g,1,2,2.8103,1,1
a2iz5p3v,1,2,1.8961,0,0
ob5apo4l,1,2,2.7813,1,1
jedgfjdl,1,2,3.1057,2,1
ogwlacol,0,2,2.844,-1,1
oln3eh1v,1,2,2.865,1,1
r1necqor,1,2,2.3289,0,0
oi5j8yit,1,2,3.1101,2,1
2kodwh8n,0,2,2.6002,-1,1
92tp6qaq,1,2,2.4269,0,0
3k8a7rv4,0,2,3.1463,-1,2
nmwvsb0u,1,2,2.6738,1,2
koefukpv,0,2,3.3141,-1,1
8lymj1qi,0,2,3.5334,-1,0
9mqvayxa,0,2,3.3078,-1,0
r6yo6z1t,1,2,2.5768,0,2
2xcb3yym,1,2,2.5126,0,0
33mg1zaq,1,2,2.4099,0,0
7qhak7md,1,2,2.2996,0,0
wkzirnk6,0,2,2.8444,-1,2
zhh3o5ur,1,2,2.7269,1,2
txuyucec,1,2,2.5712,0,2
juis2gy9,1,2,2.0255,0,0
ytjuq7x7,0,2,3.2698,-1,1
b7p9jyqn,1,2,3.4648,2,1
15ikpqah,0,2,2.9698,-1,2
cua09pci,1,2,2.4524,0,0
flwdr3vw,1,2,2.3661,0,0
mjdimbm2,1,2,2.3949,0,0
71w1wudc,0,2,2.8802,-1,0
bl4ce7pk,1,2,2.5021,0,0
wcyuknd1,1,2,2.7729,1,1
ivxan25w,1,2,3.1866,2,1
m72qlgdv,0,2,2.9692,-1,0
c2guwjp0,0,2,3.639,-1,1
qi2clp81,0,2,3.0161,-1,0
l51flmna,1,2,2.6688,1,2
vycs44ph,1,2,2.4308,0,0
h62myz9v,0,2,3.5932,-1,1
lu8wpfq2,0,2,2.79,-1,0
bhaiiwi0,1,2,2.5459,0,2
8l0hg9nc,0,2,3.2349,-1,2
bekgv1bb,1,2,2.4637,0,0
hg5zmtga,1,2,2.2264,0,0
46ayn2d7,0,2,2.9223,-1,0
ki3x7995,0,2,3.0761,-1,1
5cf72gnn,0,2,3.5427,-1,2
v9ibwgt2,0,2,2.5669,-1,2
lb25485h,0,2,3.9672,-1,2
cqxcs1xs,0,2,2.989,-1,0
rqlnzzrj,0,2,3.185,-1,1
o7vbhh5o,0,2,2.5497,-1,2
l5u7nted,0,2,2.7611,-1,2
qmvqwpqo,0,2,3.1882,-1,2
2lngixmc,1,2,2.4118,0,0
4sx27dcb,1,2,2.2731,0,0
om2zkf5b,1,3,2.8116,1,2
1sa3y5t3,0,3,3.2912,-1,0
7szpf9s9,0,3,3.7118,-1,2
ehwhg0u4,1,3,3.0682,2,1
3qlx3f2x,1,3,2.1317,0,0
hdcv4bkt,1,3,1.8596,0,0
cv1ltwbj,0,3,3.0224,-1,0
9uu2bl7a,0,3,3.1056,-1,2
mkoh109z,0,3,3.6381,-1,1
do0d3fvn,1,3,2.4981,0,0
v4kfq5dz,1,3,2.535,0,0
53x1f8s0,1,3,2.6115,0,2
x7m2mm4p,0,3,2.6685,-1,1
61nhvcfw,0,3,3.3739,-1,2
r2f5t82d,0,3,2.7966,-1,0
dl7fkndg,0,3,3.1346,-1,2
1jrj5xfe,0,3,3.8201,-1,1
ub4o47en,0,3,3.0108,-1,2
48nysj5y,1,3,1.9175,0,0
wx0i3a4k,1,3,2.4334,0,0
focnqdqx,0,3,3.4926,-1,0
6qd0771h,1,3,2.632,0,2
ll9rzrkb,1,3,2.838,1,2
fqxlbvn7,1,3,2.964,1,1
nprb58yj,0,3,3.1424,-1,0
wdcokz5s,1,3,2.4173,0,0
yj3d6m1f,1,3,2.6141,0,2
mpryfzmy,0,3,2.6837,-1,2
oa2vcywl,0,3,3.1471,-1,1
9700lfqf,0,3,3.6655,-1,2
5e8osaq3,0,3,2.7512,-1,0
eq8dh9pt,1,3,2.2578,0,0
fnm88ua3,0,3,3.2866,-1,1
a6s5zxqo,0,3,3.1759,-1,1
mts1egpg,0,3,3.1206,-1,2
vtn4ypkw,0,3,2.931,-1,0
7493dxwo,1,3,3.0177,1,1
r17dpubk,1,3,2.6733,1,2
piqnhqe8,0,3,2.6386,-1,2
6o3z0ani,1,3,2.4143,0,0
k5j42oi6,1,3,2.817,1,2
oafn33vm,1,3,2.2406,0,0
89i9gx32,0,3,3.1731,-1,0
uew9g6sp,1,3,2.8558,1,1
d2sw24wj,1,3,2.5557,0,0
t8hdpwvb,0,3,3.1589,-1,1
z7cn0eqw,1,3,2.5186,0,0
mi6kti22,1,3,2.9521,1,1
1xj7wwud,1,3,2.7562,1,2
qvdk6drn,1,3,2.2735,0,0
4orac8cy,0,3,3.3243,-1,2
nl63gagu,1,3,2.5568,0,2
vb99rwtf,0,3,3.1456,-1,1
07gbasf5,0,3,3.0917,-1,2
ehlh07jr,0,3,3.3118,-1,1
8mtk0rso,0,3,2.8892,-1,0
ggy5kov1,1,3,2.6887,1,2
l28r5p03,0,3,3.4769,-1,0
wvpunwcg,1,3,2.7866,1,2
bsvk3x8m,0,3,3.7056,-1,0
bgl2mcxn,1,3,2.6747,1,2
2elalq26,0,3,3.506,-1,0
unvsdkv5,0,3,3.3955,-1,0
4c6p1llh,0,3,2.9698,-1,0
2r9pegln,1,3,2.8855,1,1
ukx496k4,0,3,3.4124,-1,2
o67bxcd2,1,3,2.2902,0,0
0j1oulwo,1,3,2.5235,0,0
zq48enwb,1,3,2.3908,0,0
badlypgg,0,3,3.4172,-1,0
6n6975j2,1,3,2.4482,0,0
d8clw3jg,1,3,2.8029,1,2
eqe5158o,0,3,3.3081,-1,0
qesux9l0,0,3,3.1648,-1,0
ijkcu5x0,0,3,2.8034,-1,2
hc8cah3g,0,3,3.0196,-1,2
dhvs41lq,1,3,2.757,1,2
fs6hn95s,1,3,2.8736,1,1
2gkfl5xf,0,3,3.2303,-1,0
50i6gbxq,0,3,3.6198,-1,1
j7dpfssb,1,3,1.9267,0,0
jdx0pkov,1,3,2.8423,1,1
trpyx8hb,1,3,2.6481,0,2
bjcdiwzo,1,3,3.5099,2,1
d05jh2mk,1,3,2.0077,0,0
v0dszrk6,0,3,3.2918,-1,0
ilcg6far,0,3,3.4638,-1,2
mgjcy4v8,1,3,2.8143,1,2
urid3u94,1,3,2.6327,0,2
sgfdk0q0,1,3,2.8243,1,2
9jrnamz6,1,3,2.0359,0,0
146vey0a,0,3,2.7417,-1,0
94xfri09,0,3,3.5076,-1,1
m0g8w85y,1,3,2.693,1,2
6q8sjy5o,0,3,3.1836,-1,2
p9lbsmwp,0,3,3.7291,-1,1
q82k8ryq,0,3,3.1332,-1,1
f8wxkk2a,0,3,3.2665,-1,1
bkvblpxa,0,3,3.225,-1,2
jmk4x1fd,1,3,2.2025,0,0
j9hvchrm,0,3,3.6486,-1,0
3wp8djkl,0,3,3.2915,-1,1
uyluyhet,1,3,3.4242,2,1
kduwtn5p,0,3,3.1525,-1,2
epl7zqpp,1,3,2.9419,1,1
oau8p1wk,0,3,3.325,-1,2
isetuk1o,1,3,2.9956,1,1
oa35qbb3,1,3,2.6889,1,2
xmdkrlc0,0,3,3.1859,-1,2
y0bhf0ri,0,3,3.0022,-1,2
y4kl9ary,0,3,3.4493,-1,1
eavedhr3,0,3,2.9545,-1,2
pceo934t,0,3,3.3409,-1,2
3y4wpwg3,1,3,2.712,1,2
xg0trky8,0,3,3.077,-1,2
ryozdppb,1,3,3.1104,2,1
quakx6wb,0,3,3.1752,-1,1
68q0j9m4,1,3,3.0223,1,1
smzocxmz,1,3,2.795,1,2
mz2k1ko6,1,3,2.94,1,1
xnqxu71s,0,3,3.5197,-1,1
el8mwob4,1,3,2.3773,0,0
fdd7r193,0,3,2.9282,-1,1
0i6g61pc,0,3,3.2489,-1,2
we4c1v47,1,3,1.9313,0,0
lzn9uhjp,0,3,3.0764,-1,2
khf33guw,0,3,2.7762,-1,2
yh36motc,0,3,3.145,-1,2
g06xr3ur,1,3,2.6375,0,2
mwuecpnc,0,3,3.0391,-1,0
c2keivli,1,3,2.181,0,0
77jzc58c,1,3,2.1589,0,0
u47soczd,0,3,3.1732,-1,1
q7jbmjm1,0,3,3.1364,-1,0
ft07x5ic,1,3,2.5096,0,0
86z1b98v,0,3,3.0107,-1,2
wct8jbbs,0,3,3.2985,-1,1
xpk48ab1,0,3,3.4339,-1,0
3t4y0tb1,0,3,2.7536,-1,1
zppep69n,0,3,2.9658,-1,0
gpcivi05,0,3,3.0778,-1,0
2u9az3ce,1,3,2.9889,1,1
gbmxikvr,0,3,3.3837,-1,1
ecjtr0m6,0,1,3.8843,-1,2
hz72kxsj,0,1,3.7703,-1,1
zsb6zwkh,1,1,3.0681,2,2
e9i0hn3f,1,1,2.5626,0,0
9zxqerbk,1,1,4.599,2,1
n3dkvr5n,1,1,3.4206,2,1
bhgpbktm,0,1,3.7923,-1,0
av6763v1,1,1,3.2218,2,2
m3pp00cd,0,1,4.0041,-1,0
nzy47quu,0,1,4.1709,-1,0
sfn07ea2,0,1,4.0442,-1,2
8ditmown,1,1,3.3597,2,1
x23veulj,1,1,4.2335,2,1
gqpq8r4h,0,1,4.0005,-1,1
c7jvlcg1,1,1,3.4645,2,1
j5ewfwbe,0,1,4.0453,-1,1
by4ubzcz,0,1,3.3609,-1,2
jjy4mzvm,0,1,3.4339,-1,0
cpsiln3o,1,1,4.0476,2,1
x5fl2mox,0,1,4.1764,-1,1
q9wfb76a,0,1,4.5756,-1,1
v3s2sumh,1,1,4.6827,2,1
3b0n9cc7,0,1,4.0663,-1,0
isutp04s,0,1,3.5025,-1,0
brspj4ki,1,1,3.8251,2,1
i1nq0ei0,0,1,3.3546,-1,1
5nms6xvq,0,1,3.5789,-1,1
pu3et1ov,0,1,3.2969,-1,1
ejklcp9u,1,1,2.8304,1,2
w165aejt,1,1,2.981,1,2
70ebpy9e,0,1,3.5592,-1,2
576mouze,0,1,4.1303,-1,2
66vw9b0m,0,1,3.956,-1,2
qoq4kreg,1,1,3.4263,2,1
167d6vnx,0,1,4.1038,-1,0
npsv8dkm,0,1,3.7673,-1,0
u6u4pllg,1,1,3.464,2,1
f309hsuw,0,1,3.7407,-1,0
dkejp5k7,1,1,2.8464,1,2
917xfh41,0,1,3.8281,-1,2
a68t2a3a,0,1,4.1189,-1,0
h7u0s3kd,1,1,3.312,2,2
z4ppj590,1,1,3.8066,2,1
emc20lsj,0,1,3.7684,-1,1
ws1zl7p7,0,1,3.8431,-1,2
2l4x5bwa,1,1,3.6073,2,1
en7yjf30,0,1,3.797,-1,0
kh5840ac,1,1,2.3785,0,0
uhgpjnvw,0,1,4.1862,-1,1
rxgkikr2,1,1,2.9813,1,2
omrde51k,0,1,3.7553,-1,1
8lxeqlez,0,1,4.1392,-1,1
z1r2roik,1,1,3.0919,2,2
s62c1jlo,1,1,2.9029,1,2
po6j0m3l,1,1,3.0062,1,2
oufhw8wl,1,1,2.8871,1,2
va02dz61,1,1,2.926,1,2
txsnhft4,1,1,3.0027,1,2
i26lh07b,0,1,3.611,-1,1
a7dorfki,0,1,3.3251,-1,0
1ije2xe0,1,1,3.1401,2,2
jdcz1oa3,0,1,4.7108,-1,1
vf02gvll,1,1,2.8625,1,2
sajhjxqk,0,1,3.3672,-1,1
d8ur6tia,0,1,3.2453,-1,1
rontdi9o,0,1,3.6415,-1,1
inuxl39d,1,1,3.7433,2,1
g5rifwr0,1,1,3.8773,2,1
ui1jlmfl,1,1,3.1294,2,2
uoay12tl,0,1,3.9776,-1,1
xlzs49cd,1,1,2.8088,1,0
zn1f0fp8,1,1,3.0194,1,2
bpg2r0to,0,1,3.7715,-1,2
kpk7yswn,1,1,2.9981,1,2
xfshwzsj,1,1,2.7606,1,0
q77z4es3,1,1,3.1759,2,2
aofc9lgy,0,1,3.1809,-1,1
tlcqfmui,0,1,3.5248,-1,2
w7j35vlw,1,1,3.6024,2,1
ojtxcf0k,0,1,4.1412,-1,1
jd2v1l1v,0,1,4.0597,-1,2
j35yrg29,1,1,3.0624,2,2
d2ff5l6b,0,1,4.094,-1,2
spxlseun,0,1,3.7109,-1,0
nrlst548,0,1,3.7487,-1,1
84z4ur2y,0,1,3.6501,-1,1
upmanqy0,1,1,3.6163,2,1
hu97ng0a,0,1,3.5788,-1,2
psaldnj7,1,1,3.7443,2,1
vbjrbzjw,1,1,2.7533,1,0
83579wrr,1,1,3.3921,2,1
513bb6f0,0,1,3.4657,-1,2
5ep4cwcd,0,1,3.6655,-1,1
t9gwa44l,0,1,3.4131,-1,2
z6v7s7o4,0,1,3.9756,-1,1
yc3s0dpj,1,1,3.2277,2,2
hsg04ajm,0,1,4.0196,-1,2
muzuqed0,0,1,3.4374,-1,1
gv812hnc,1,1,3.6233,2,1
0i4x6g1e,0,1,3.7775,-1,2
bzgflig5,1,1,3.6224,2,1
gkzjrumx,1,1,3.5986,2,1
qw3b4nth,1,1,4.5369,2,1
zm32hzs3,1,1,4.0002,2,1
2d1jqbex,0,1,5.0487,-1,0
gfvnnvbz,0,1,3.4396,-1,1
w5apmxd6,0,1,3.5633,-1,2
lqga3qup,0,1,4.0944,-1,2
o4jnmyk8,0,1,3.9762,-1,2
516sp18o,1,1,3.6328,2,1
bs7587h9,0,1,5.0604,-1,2
1el88l12,0,1,4.1687,-1,1
qfaf5kci,1,1,3.3774,2,1
hdiy4nrm,1,1,3.2698,2,2
qyz6y3z1,0,1,3.0659,-1,0
de1e1630,1,1,2.2572,0,0
pocr0vhv,0,1,4.2217,-1,1
1nm3v16x,1,1,4.0741,2,1
eghpmxpk,1,1,3.5788,2,1
n3b8pfy4,1,1,4.3017,2,1
qcyd52al,0,1,3.7212,-1,2
unqr8o1k,1,1,3.1571,2,2
jwv2qnrm,1,1,3.6741,2,1
tn29tnyf,1,1,3.7729,2,1
m7vh30qb,1,1,2.7608,1,0
kern6yjm,0,1,3.7113,-1,0
k3tgmalw,0,1,3.8572,-1,2
vmb0idd0,1,1,2.7624,1,0
wpj8yi34,1,1,2.4105,0,0
0sqcnf9w,0,1,3.5645,-1,2
5n9c70pa,1,1,3.4269,2,1
8jx54peg,0,1,4.206,-1,2
jks4i2nr,1,1,3.841,2,1
1p02jyv6,0,1,2.9035,-1,1
yjoaoejv,1,1,3.3726,2,1
9lhalckz,1,1,3.958,2,1
3vwlo7am,1,1,2.4286,0,0
mpq0hzyj,0,1,4.1545,-1,2
b48wumh9,0,1,3.6294,-1,2
nklybwgm,1,1,2.8381,1,2
p9a9uri7,1,1,3.1297,2,2
ev4dh9ug,0,1,3.6324,-1,1
f10oo1pv,0,1,3.8222,-1,1
lnd581lt,1,1,2.7297,1,0
o4rq3q7g,1,1,3.5203,2,1
ktmqg6nx,0,1,4.1474,-1,0
9owwew9v,0,1,3.931,-1,0
08liuqdn,1,1,4.2751,2,1
05xt54fn,0,1,4.0467,-1,0
5g77lk6h,1,1,3.2515,2,2
qiv929se,1,1,3.0605,2,2
vl7fq8ab,1,1,3.4818,2,1
y595cpjz,1,1,3.2373,2,2
e1xtar0k,1,1,4.3501,2,1
o31nzsxp,1,1,2.9521,1,2
efj31ego,0,1,3.3474,-1,0
m62hdxc6,1,1,3.2468,2,2
rijkq2zu,0,1,3.246,-1,2
v1fkhnnk,0,1,3.4792,-1,1
8fwrpk0z,0,1,3.7196,-1,0
fknwbhkv,0,1,3.4951,-1,0
jz09owgm,1,1,3.3628,2,1
f4ln5rgs,1,1,3.5196,2,1
g6a8mlik,0,1,3.9475,-1,2
22xmq664,1,1,3.6116,2,1
42sihxod,0,1,3.6246,-1,1
lctt058c,1,1,3.3612,2,1
uij0yxiy,1,1,2.905,1,2
qbvtdg3c,1,1,2.6347,0,0
6scivuqt,1,1,3.1436,2,2
2lwhedht,1,1,4.7871,2,1
hruu5e51,0,1,3.8369,-1,1
h3wqa1vr,0,1,3.3655,-1,0
gss8k5ij,0,1,3.5593,-1,2
ulp98rl9,0,1,3.4905,-1,1
qfcpk7pw,1,1,3.5899,2,1
tg21hslt,1,1,2.8211,1,0
dkvuff12,1,1,2.5122,0,0
4vf89x22,0,1,3.6876,-1,0
j7q4kfmm,0,1,3.3403,-1,1
0qpop1o8,1,1,3.1557,2,2
m291azhz,1,1,4.2568,2,1
knl2luhh,1,1,2.561,0,0
s4dilrzq,1,1,2.6594,1,0
8bxy6rkv,0,1,3.9989,-1,1
ndxjn7de,1,1,3.1637,2,2
0l1offkh,1,1,3.945,2,1
diu1jtka,0,1,3.1688,-1,2
1c2zl46q,0,1,3.7314,-1,0
5gqqlyzj,0,1,4.0174,-1,2
0aeoorbt,1,1,2.8043,1,0
6sapbs22,1,1,3.1572,2,2
ruw0u92t,1,1,2.7131,1,0
24d7v911,1,1,3.4605,2,1
pjq50xcx,0,1,3.915,-1,2
msy3paua,1,1,3.3715,2,1
3aipjiyl,1,1,2.5509,0,0
qx1um55f,1,1,4.5982,2,1
1hgav42t,1,1,3.4201,2,1
8llihkpj,1,1,3.0598,2,2
7hme6p4n,0,1,3.4809,-1,0
p00nqohn,0,1,3.9102,-1,0
3dg60e1e,0,1,4.0017,-1,0
rv0lg92m,1,1,2.5656,0,0
jeqa2o4m,1,1,3.5356,2,1
84p4k9dx,0,1,3.8057,-1,2
oq8jxlfi,0,1,3.6619,-1,0
uefz1c25,1,1,3.3709,2,1
xnofg780,0,1,3.6663,-1,0
3g5dfrlw,1,1,3.4453,2,1
6jl2l5b5,0,1,3.3001,-1,0
6bnvsfa6,1,1,2.8412,1,2
d9er94te,1,1,2.757,1,0
vwlq6exn,1,1,3.7429,2,1
wzr04hhe,1,1,4.3658,2,1
7icdo5di,1,1,2.484,0,0
gxl9ysu5,0,1,3.7014,-1,0
1epxu7b6,0,1,3.9025,-1,0
nbhgfb2f,1,1,3.2775,2,2
lurmw3uq,0,1,4.6042,-1,1
hwtek17m,1,1,2.9254,1,2
6j3rtxym,0,1,4.2149,-1,0
scnx8eiq,0,1,4.1339,-1,1
etk5lp9c,0,1,4.5096,-1,0
5so79h4h,0,1,3.5598,-1,0
a0mvf4s2,1,1,2.4738,0,0
ni8tndfw,1,1,2.7954,1,0
w41f7v4k,1,1,2.9174,1,2
88k686qe,0,1,3.2632,-1,1
7ajul7w8,1,1,3.9624,2,1
cof3138i,1,1,3.3331,2,2
2xog4c8j,1,1,3.8369,2,1
6e07fpy1,0,1,3.7644,-1,1
aeldwqxk,1,1,3.7378,2,1
e0qc96mj,1,1,2.7503,1,0
9n6eqv5y,0,1,4.2344,-1,1
21id9vvn,0,1,4.0871,-1,0
5x48pw5k,1,1,2.8258,1,0
0jjsp49c,1,1,3.7745,2,1
d3irvxd2,0,1,4.0547,-1,1
zu4ns7nv,0,1,3.8016,-1,2
v28ue1my,0,1,3.6107,-1,2
6po0m24u,0,1,3.9575,-1,1
s73w1yau,1,1,3.1572,2,2
a8d7204j,0,1,3.1348,-1,0
3m9iqbq9,0,1,2.8298,-1,0
j2h1tlom,0,1,4.0414,-1,0
344mw04i,1,1,3.8803,2,1
3dzxlrgn,1,1,3.2315,2,2
jzm3618l,0,1,3.9613,-1,0
eu6zu1to,1,1,3.0528,2,2
zhdv5ojz,1,1,3.8863,2,1
to7d835k,1,1,2.8623,1,2
uc9pbtyj,0,1,3.293,-1,1
r39iixha,1,1,2.7695,1,0
iaw4otuo,0,1,3.5589,-1,2
4uw590z9,0,1,3.5333,-1,0
2jn67lm8,0,1,3.5175,-1,2
e49ite92,1,1,4.1616,2,1
srl3vzzx,0,1,3.8688,-1,0
t9qubwrp,0,1,4.0622,-1,2
8guucm5f,0,1,4.0966,-1,2
yczu80zr,0,1,4.05,-1,0
z79hqtyl,1,1,3.7993,2,1
u58ftyla,0,1,4.1985,-1,2
vzme9wt0,1,6,4.4219,2,1
0iv1ggxr,0,3,3.3339,-1,1
ed8u8noz,0,6,4.4501,-1,2
emdmz5rg,0,3,3.0795,-1,2
oi9wm1sa,1,6,2.9506,1,0
v9cng8ta,1,6,2.5559,0,0
na6u48gw,1,6,4.0998,2,1
ghm56vu6,1,6,3.3636,2,2
z5gf3bbt,0,6,3.743,-1,0
873lkmgs,1,6,3.6831,2,2
6rv9777t,0,6,2.8996,-1,1
nqetmni3,0,6,2.6996,-1,1
gom6736z,0,6,3.9857,-1,0
4dsxlsut,1,6,3.7224,2,1
othlqh7p,1,3,2.775,1,2
pcaduvl9,1,3,3.1698,2,1
11zsb8lv,1,6,3.0734,2,0
6tx0tbkg,0,6,2.4019,-1,2
8b350sgn,1,3,2.7278,1,2
z6d86zch,0,6,3.6088,-1,0
hxa7hy7a,0,6,4.483,-1,0
i33993n4,1,6,3.481,2,2
bfiy5pu5,1,3,2.8743,1,1
wh50jyoo,1,6,4.2609,2,1
k63rvwoz,1,6,2.2586,0,0
qxiwe6rg,0,6,3.5791,-1,1
l7jy7otk,0,6,3.4624,-1,1
ude358tr,1,6,2.4168,0,0
e9qdi3g1,0,6,3.2775,-1,0
3iwpfvb7,1,6,5.11,2,1
1ghlu8m8,1,6,3.3773,2,2
7mhxofkc,1,6,4.6361,2,1
ggxp5cit,1,6,3.0744,2,0
uf8cyotw,1,6,4.2303,2,1
g7nfdinu,0,6,3.2278,-1,0
31eiwucx,0,6,3.7689,-1,2
67xkwq0y,0,6,3.1574,-1,1
wm9q7ftm,1,6,3.3909,2,2
fwg895na,1,6,3.3414,2,0
2fqztio4,1,6,3.6613,2,2
m7pp0pnn,0,6,3.691,-1,2
lo0hhgh5,1,6,3.6678,2,2
xw6t1oxh,0,6,2.9003,-1,2
fdxk31wb,0,6,3.1625,-1,1
htfnsgpy,0,6,3.1302,-1,2
8257ge0q,0,4,3.0545,-1,0
uz2z0kdn,1,0,2.7672,1,2
upcj8mo7,0,3,3.3221,-1,1
65efuxq9,1,3,2.1611,0,0
njc2goui,0,3,3.7322,-1,1
fezac2ex,0,4,3.3794,-1,2
va5e742g,0,3,3.4573,-1,0
rrdnwt2f,1,3,4.1781,2,1
es5cs9ui,1,3,2.4508,0,0
14nijcp5,0,3,3.702,-1,0
2ay7ov50,0,3,3.5893,-1,0
ew25x1fv,1,3,3.3136,2,1
k1pbcd6f,1,3,2.0868,0,0
xnoq37kt,0,3,4.2947,-1,1
ll8sn5yz,0,3,3.9446,-1,1
7vxuqdrm,0,3,4.0073,-1,0
swjjjksl,0,3,2.981,-1,2
66uml3so,0,3,3.4257,-1,0
jpx16f1k,1,3,2.4448,0,0
yntl2ug0,1,3,2.2121,0,0
5wh23gxr,1,3,2.8476,1,1
irjutfvj,0,4,3.0469,-1,2
839ag77q,1,0,2.7944,1,2
9vjuhbp9,1,4,2.8104,1,2
vrnegn2b,1,7,3.2938,2,1
4jtj27yh,1,4,2.8778,1,1
6uamwjpi,1,3,2.8213,1,2
wujt4ftl,0,3,3.8365,-1,2
h33hw8d0,1,3,2.6988,1,2
9jrd4hqf,1,4,2.7262,1,2
ghdiluvn,1,4,2.7409,1,2
hdczp0nw,1,3,2.6263,0,2
ntj5r2sl,1,3,2.7759,1,2
rw4vnzvz,1,3,2.6627,1,2
n2hloiki,1,3,3.2404,2,1
vqa7izq2,0,0,3.2276,-1,2
nmnr06dj,1,0,2.5869,0,0
in9rg4xv,1,3,2.6368,0,2
349n1d6d,1,3,2.4165,0,0
zbc7qk4k,0,0,3.3561,-1,1
6ilsidbx,1,3,2.9029,1,1
287gt76i,1,0,2.9612,1,1
3hzcd3ge,1,4,2.516,0,0
q10f7ia4,1,0,3.5307,2,1
1sascebf,0,4,3.1537,-1,1
e54ukigd,0,3,4.426,-1,0
ix1cnaq2,1,3,3.6172,2,1
yotos87m,0,3,3.2751,-1,2
vz01sosr,0,4,4.2945,-1,1
2hvnkvon,0,3,3.8483,-1,1
nlhapwf5,1,3,3.1973,2,1
20xkiaip,0,4,3.6767,-1,2
rqq5qob8,1,3,3.0876,2,1
67kbqnxp,1,3,2.7984,1,2
vmsr75rm,1,3,2.6099,0,2
g7f9fzja,1,4,3.3826,2,1
hsao2qwk,1,4,3.0171,1,1
bsepr1b2,0,4,3.6558,-1,1
0uc87nxp,1,3,4.0522,2,1
0jf6dnob,0,3,3.7179,-1,0
k8hup3ft,1,3,2.0621,0,0
j6ac4jrc,1,3,2.6355,0,2
q97rcq6w,1,3,3.7535,2,1
948ju63l,1,4,3.3621,2,1
xsy4vy32,0,0,3.3672,-1,0
i3pj7k99,1,0,2.9686,1,1
bv2j3t4h,1,3,3.5294,2,1
8qfdtn0p,1,3,3.4721,2,1
lcfr7cl6,1,3,3.3688,2,1
p3frb7ei,1,0,2.4279,0,0
5r8vo4kv,1,4,2.604,0,2
fflncc2a,1,3,2.3676,0,0
trd83x9a,0,4,3.4341,-1,1
ge9ny3mu,1,3,2.9802,1,1
b6lbu9w3,1,3,2.7253,1,2
ggo9dvws,0,3,3.1945,-1,1
3kcvjxzd,0,3,3.187,-1,0
vyb4xz3m,1,4,2.9085,1,1
